image_id,healthy,multiple_diseases,rust,scab
https://raw.githubusercontent.com/mohitrd/Startrack/master/Train_37.jpg,,,,
https://raw.githubusercontent.com/mohitrd/Startrack/master/Train_38.jpg,,,,
https://raw.githubusercontent.com/mohitrd/Startrack/master/Train_39.jpg,,,,
https://raw.githubusercontent.com/mohitrd/Startrack/master/Train_40.jpg,,,,
https://raw.githubusercontent.com/mohitrd/Startrack/master/Train_41.jpg,,,,
https://raw.githubusercontent.com/mohitrd/Startrack/master/Train_42.jpg,,,,
https://raw.githubusercontent.com/mohitrd/Startrack/master/Train_43.jpg,,,,
https://raw.githubusercontent.com/mohitrd/Startrack/master/Train_44.jpg,,,,
https://raw.githubusercontent.com/mohitrd/Startrack/master/Train_45.jpg,,,,
https://raw.githubusercontent.com/mohitrd/Startrack/master/Train_46.jpg,,,,
https://raw.githubusercontent.com/mohitrd/Startrack/master/Train_47.jpg,,,,
https://raw.githubusercontent.com/mohitrd/Startrack/master/Train_48.jpg,,,,
https://raw.githubusercontent.com/mohitrd/Startrack/master/Train_49.jpg,,,,
https://raw.githubusercontent.com/mohitrd/Startrack/master/Train_50.jpg,,,,
https://raw.githubusercontent.com/mohitrd/Startrack/master/Train_51.jpg,,,,
https://raw.githubusercontent.com/mohitrd/Startrack/master/Train_52.jpg,,,,
https://raw.githubusercontent.com/mohitrd/Startrack/master/Train_53.jpg,,,,
https://raw.githubusercontent.com/mohitrd/Startrack/master/Train_54.jpg,,,,
https://raw.githubusercontent.com/mohitrd/Startrack/master/Train_55.jpg,,,,
https://raw.githubusercontent.com/mohitrd/Startrack/master/Train_56.jpg,,,,
https://raw.githubusercontent.com/mohitrd/Startrack/master/Train_57.jpg,,,,
https://raw.githubusercontent.com/mohitrd/Startrack/master/Train_58.jpg,,,,
https://raw.githubusercontent.com/mohitrd/Startrack/master/Train_59.jpg,,,,
https://raw.githubusercontent.com/mohitrd/Startrack/master/Train_60.jpg,,,,
https://raw.githubusercontent.com/mohitrd/Startrack/master/Train_61.jpg,,,,
https://raw.githubusercontent.com/mohitrd/Startrack/master/Train_62.jpg,,,,
https://raw.githubusercontent.com/mohitrd/Startrack/master/Train_63.jpg,,,,
https://raw.githubusercontent.com/mohitrd/Startrack/master/Train_64.jpg,,,,
https://raw.githubusercontent.com/mohitrd/Startrack/master/Train_65.jpg,,,,
https://raw.githubusercontent.com/mohitrd/Startrack/master/Train_66.jpg,,,,
https://raw.githubusercontent.com/mohitrd/Startrack/master/Train_67.jpg,,,,
https://raw.githubusercontent.com/mohitrd/Startrack/master/Train_68.jpg,,,,
https://raw.githubusercontent.com/mohitrd/Startrack/master/Train_69.jpg,,,,
https://raw.githubusercontent.com/mohitrd/Startrack/master/Train_70.jpg,,,,
https://raw.githubusercontent.com/mohitrd/Startrack/master/Train_71.jpg,,,,
https://raw.githubusercontent.com/mohitrd/Startrack/master/Train_72.jpg,,,,
https://raw.githubusercontent.com/mohitrd/Startrack/master/Train_73.jpg,,,,
https://raw.githubusercontent.com/mohitrd/Startrack/master/Train_74.jpg,,,,
https://raw.githubusercontent.com/mohitrd/Startrack/master/Train_75.jpg,,,,
https://raw.githubusercontent.com/mohitrd/Startrack/master/Train_76.jpg,,,,
https://raw.githubusercontent.com/mohitrd/Startrack/master/Train_77.jpg,,,,
https://raw.githubusercontent.com/mohitrd/Startrack/master/Train_78.jpg,,,,
https://raw.githubusercontent.com/mohitrd/Startrack/master/Train_79.jpg,,,,
https://raw.githubusercontent.com/mohitrd/Startrack/master/Train_80.jpg,,,,
https://raw.githubusercontent.com/mohitrd/Startrack/master/Train_81.jpg,,,,
https://raw.githubusercontent.com/mohitrd/Startrack/master/Train_82.jpg,,,,
https://raw.githubusercontent.com/mohitrd/Startrack/master/Train_83.jpg,,,,
https://raw.githubusercontent.com/mohitrd/Startrack/master/Train_84.jpg,,,,
https://raw.githubusercontent.com/mohitrd/Startrack/master/Train_85.jpg,,,,
https://raw.githubusercontent.com/mohitrd/Startrack/master/Train_86.jpg,,,,
https://raw.githubusercontent.com/mohitrd/Startrack/master/Train_87.jpg,,,,
https://raw.githubusercontent.com/mohitrd/Startrack/master/Train_88.jpg,,,,
https://raw.githubusercontent.com/mohitrd/Startrack/master/Train_89.jpg,,,,
https://raw.githubusercontent.com/mohitrd/Startrack/master/Train_90.jpg,,,,
https://raw.githubusercontent.com/mohitrd/Startrack/master/Train_91.jpg,,,,
https://raw.githubusercontent.com/mohitrd/Startrack/master/Train_92.jpg,,,,
https://raw.githubusercontent.com/mohitrd/Startrack/master/Train_93.jpg,,,,
https://raw.githubusercontent.com/mohitrd/Startrack/master/Train_94.jpg,,,,
https://raw.githubusercontent.com/mohitrd/Startrack/master/Train_95.jpg,,,,
https://raw.githubusercontent.com/mohitrd/Startrack/master/Train_96.jpg,,,,
https://raw.githubusercontent.com/mohitrd/Startrack/master/Train_97.jpg,,,,
https://raw.githubusercontent.com/mohitrd/Startrack/master/Train_98.jpg,,,,
https://raw.githubusercontent.com/mohitrd/Startrack/master/Train_99.jpg,,,,
https://raw.githubusercontent.com/mohitrd/Startrack/master/Train_100.jpg,,,,
https://raw.githubusercontent.com/mohitrd/Startrack/master/Train_101.jpg,,,,
https://raw.githubusercontent.com/mohitrd/Startrack/master/Train_102.jpg,,,,
https://raw.githubusercontent.com/mohitrd/Startrack/master/Train_103.jpg,,,,
https://raw.githubusercontent.com/mohitrd/Startrack/master/Train_104.jpg,,,,
https://raw.githubusercontent.com/mohitrd/Startrack/master/Train_105.jpg,,,,
https://raw.githubusercontent.com/mohitrd/Startrack/master/Train_106.jpg,,,,
https://raw.githubusercontent.com/mohitrd/Startrack/master/Train_107.jpg,,,,
https://raw.githubusercontent.com/mohitrd/Startrack/master/Train_108.jpg,,,,
https://raw.githubusercontent.com/mohitrd/Startrack/master/Train_109.jpg,,,,
https://raw.githubusercontent.com/mohitrd/Startrack/master/Train_110.jpg,,,,
https://raw.githubusercontent.com/mohitrd/Startrack/master/Train_111.jpg,,,,
https://raw.githubusercontent.com/mohitrd/Startrack/master/Train_112.jpg,,,,
https://raw.githubusercontent.com/mohitrd/Startrack/master/Train_113.jpg,,,,
https://raw.githubusercontent.com/mohitrd/Startrack/master/Train_114.jpg,,,,
https://raw.githubusercontent.com/mohitrd/Startrack/master/Train_115.jpg,,,,
https://raw.githubusercontent.com/mohitrd/Startrack/master/Train_116.jpg,,,,
https://raw.githubusercontent.com/mohitrd/Startrack/master/Train_117.jpg,,,,
https://raw.githubusercontent.com/mohitrd/Startrack/master/Train_118.jpg,,,,
https://raw.githubusercontent.com/mohitrd/Startrack/master/Train_119.jpg,,,,
https://raw.githubusercontent.com/mohitrd/Startrack/master/Train_120.jpg,,,,
https://raw.githubusercontent.com/mohitrd/Startrack/master/Train_121.jpg,,,,
https://raw.githubusercontent.com/mohitrd/Startrack/master/Train_122.jpg,,,,
https://raw.githubusercontent.com/mohitrd/Startrack/master/Train_123.jpg,,,,
https://raw.githubusercontent.com/mohitrd/Startrack/master/Train_124.jpg,,,,
https://raw.githubusercontent.com/mohitrd/Startrack/master/Train_125.jpg,,,,
https://raw.githubusercontent.com/mohitrd/Startrack/master/Train_126.jpg,,,,
https://raw.githubusercontent.com/mohitrd/Startrack/master/Train_127.jpg,,,,
https://raw.githubusercontent.com/mohitrd/Startrack/master/Train_128.jpg,,,,
https://raw.githubusercontent.com/mohitrd/Startrack/master/Train_129.jpg,,,,
https://raw.githubusercontent.com/mohitrd/Startrack/master/Train_130.jpg,,,,
https://raw.githubusercontent.com/mohitrd/Startrack/master/Train_131.jpg,,,,
https://raw.githubusercontent.com/mohitrd/Startrack/master/Train_132.jpg,,,,
https://raw.githubusercontent.com/mohitrd/Startrack/master/Train_133.jpg,,,,
https://raw.githubusercontent.com/mohitrd/Startrack/master/Train_134.jpg,,,,
https://raw.githubusercontent.com/mohitrd/Startrack/master/Train_135.jpg,,,,
https://raw.githubusercontent.com/mohitrd/Startrack/master/Train_136.jpg,,,,
https://raw.githubusercontent.com/mohitrd/Startrack/master/Train_137.jpg,,,,
https://raw.githubusercontent.com/mohitrd/Startrack/master/Train_138.jpg,,,,
https://raw.githubusercontent.com/mohitrd/Startrack/master/Train_139.jpg,,,,
https://raw.githubusercontent.com/mohitrd/Startrack/master/Train_140.jpg,,,,
https://raw.githubusercontent.com/mohitrd/Startrack/master/Train_141.jpg,,,,
https://raw.githubusercontent.com/mohitrd/Startrack/master/Train_142.jpg,,,,
https://raw.githubusercontent.com/mohitrd/Startrack/master/Train_143.jpg,,,,
https://raw.githubusercontent.com/mohitrd/Startrack/master/Train_144.jpg,,,,
https://raw.githubusercontent.com/mohitrd/Startrack/master/Train_145.jpg,,,,
https://raw.githubusercontent.com/mohitrd/Startrack/master/Train_146.jpg,,,,
https://raw.githubusercontent.com/mohitrd/Startrack/master/Train_147.jpg,,,,
https://raw.githubusercontent.com/mohitrd/Startrack/master/Train_148.jpg,,,,
https://raw.githubusercontent.com/mohitrd/Startrack/master/Train_149.jpg,,,,
https://raw.githubusercontent.com/mohitrd/Startrack/master/Train_150.jpg,,,,
https://raw.githubusercontent.com/mohitrd/Startrack/master/Train_151.jpg,,,,
https://raw.githubusercontent.com/mohitrd/Startrack/master/Train_152.jpg,,,,
https://raw.githubusercontent.com/mohitrd/Startrack/master/Train_153.jpg,,,,
https://raw.githubusercontent.com/mohitrd/Startrack/master/Train_154.jpg,,,,
https://raw.githubusercontent.com/mohitrd/Startrack/master/Train_155.jpg,,,,
https://raw.githubusercontent.com/mohitrd/Startrack/master/Train_156.jpg,,,,
https://raw.githubusercontent.com/mohitrd/Startrack/master/Train_157.jpg,,,,
https://raw.githubusercontent.com/mohitrd/Startrack/master/Train_158.jpg,,,,
https://raw.githubusercontent.com/mohitrd/Startrack/master/Train_159.jpg,,,,
https://raw.githubusercontent.com/mohitrd/Startrack/master/Train_160.jpg,,,,
https://raw.githubusercontent.com/mohitrd/Startrack/master/Train_161.jpg,,,,
https://raw.githubusercontent.com/mohitrd/Startrack/master/Train_162.jpg,,,,
https://raw.githubusercontent.com/mohitrd/Startrack/master/Train_163.jpg,,,,
https://raw.githubusercontent.com/mohitrd/Startrack/master/Train_164.jpg,,,,
https://raw.githubusercontent.com/mohitrd/Startrack/master/Train_165.jpg,,,,
https://raw.githubusercontent.com/mohitrd/Startrack/master/Train_166.jpg,,,,
https://raw.githubusercontent.com/mohitrd/Startrack/master/Train_167.jpg,,,,
https://raw.githubusercontent.com/mohitrd/Startrack/master/Train_168.jpg,,,,
https://raw.githubusercontent.com/mohitrd/Startrack/master/Train_169.jpg,,,,
https://raw.githubusercontent.com/mohitrd/Startrack/master/Train_170.jpg,,,,
https://raw.githubusercontent.com/mohitrd/Startrack/master/Train_171.jpg,,,,
https://raw.githubusercontent.com/mohitrd/Startrack/master/Train_172.jpg,,,,
https://raw.githubusercontent.com/mohitrd/Startrack/master/Train_173.jpg,,,,
https://raw.githubusercontent.com/mohitrd/Startrack/master/Train_174.jpg,,,,
https://raw.githubusercontent.com/mohitrd/Startrack/master/Train_175.jpg,,,,
https://raw.githubusercontent.com/mohitrd/Startrack/master/Train_176.jpg,,,,
https://raw.githubusercontent.com/mohitrd/Startrack/master/Train_177.jpg,,,,
https://raw.githubusercontent.com/mohitrd/Startrack/master/Train_178.jpg,,,,
https://raw.githubusercontent.com/mohitrd/Startrack/master/Train_179.jpg,,,,
https://raw.githubusercontent.com/mohitrd/Startrack/master/Train_180.jpg,,,,
https://raw.githubusercontent.com/mohitrd/Startrack/master/Train_181.jpg,,,,
https://raw.githubusercontent.com/mohitrd/Startrack/master/Train_182.jpg,,,,
https://raw.githubusercontent.com/mohitrd/Startrack/master/Train_183.jpg,,,,
https://raw.githubusercontent.com/mohitrd/Startrack/master/Train_184.jpg,,,,
https://raw.githubusercontent.com/mohitrd/Startrack/master/Train_185.jpg,,,,
https://raw.githubusercontent.com/mohitrd/Startrack/master/Train_186.jpg,,,,
https://raw.githubusercontent.com/mohitrd/Startrack/master/Train_187.jpg,,,,
https://raw.githubusercontent.com/mohitrd/Startrack/master/Train_188.jpg,,,,
https://raw.githubusercontent.com/mohitrd/Startrack/master/Train_189.jpg,,,,
https://raw.githubusercontent.com/mohitrd/Startrack/master/Train_190.jpg,,,,
https://raw.githubusercontent.com/mohitrd/Startrack/master/Train_191.jpg,,,,
https://raw.githubusercontent.com/mohitrd/Startrack/master/Train_192.jpg,,,,
https://raw.githubusercontent.com/mohitrd/Startrack/master/Train_193.jpg,,,,
https://raw.githubusercontent.com/mohitrd/Startrack/master/Train_194.jpg,,,,
https://raw.githubusercontent.com/mohitrd/Startrack/master/Train_195.jpg,,,,
https://raw.githubusercontent.com/mohitrd/Startrack/master/Train_196.jpg,,,,
https://raw.githubusercontent.com/mohitrd/Startrack/master/Train_197.jpg,,,,
https://raw.githubusercontent.com/mohitrd/Startrack/master/Train_198.jpg,,,,
https://raw.githubusercontent.com/mohitrd/Startrack/master/Train_199.jpg,,,,
https://raw.githubusercontent.com/mohitrd/Startrack/master/Train_200.jpg,,,,
https://raw.githubusercontent.com/mohitrd/Startrack/master/Train_201.jpg,,,,
https://raw.githubusercontent.com/mohitrd/Startrack/master/Train_202.jpg,,,,
https://raw.githubusercontent.com/mohitrd/Startrack/master/Train_203.jpg,,,,
https://raw.githubusercontent.com/mohitrd/Startrack/master/Train_204.jpg,,,,
https://raw.githubusercontent.com/mohitrd/Startrack/master/Train_205.jpg,,,,
https://raw.githubusercontent.com/mohitrd/Startrack/master/Train_206.jpg,,,,
https://raw.githubusercontent.com/mohitrd/Startrack/master/Train_207.jpg,,,,
https://raw.githubusercontent.com/mohitrd/Startrack/master/Train_208.jpg,,,,
https://raw.githubusercontent.com/mohitrd/Startrack/master/Train_209.jpg,,,,
https://raw.githubusercontent.com/mohitrd/Startrack/master/Train_210.jpg,,,,
https://raw.githubusercontent.com/mohitrd/Startrack/master/Train_211.jpg,,,,
https://raw.githubusercontent.com/mohitrd/Startrack/master/Train_212.jpg,,,,
https://raw.githubusercontent.com/mohitrd/Startrack/master/Train_213.jpg,,,,
https://raw.githubusercontent.com/mohitrd/Startrack/master/Train_214.jpg,,,,
https://raw.githubusercontent.com/mohitrd/Startrack/master/Train_215.jpg,,,,
https://raw.githubusercontent.com/mohitrd/Startrack/master/Train_216.jpg,,,,
https://raw.githubusercontent.com/mohitrd/Startrack/master/Train_217.jpg,,,,
https://raw.githubusercontent.com/mohitrd/Startrack/master/Train_218.jpg,,,,
https://raw.githubusercontent.com/mohitrd/Startrack/master/Train_219.jpg,,,,
https://raw.githubusercontent.com/mohitrd/Startrack/master/Train_220.jpg,,,,
https://raw.githubusercontent.com/mohitrd/Startrack/master/Train_221.jpg,,,,
https://raw.githubusercontent.com/mohitrd/Startrack/master/Train_222.jpg,,,,
https://raw.githubusercontent.com/mohitrd/Startrack/master/Train_223.jpg,,,,
https://raw.githubusercontent.com/mohitrd/Startrack/master/Train_224.jpg,,,,
https://raw.githubusercontent.com/mohitrd/Startrack/master/Train_225.jpg,,,,
https://raw.githubusercontent.com/mohitrd/Startrack/master/Train_226.jpg,,,,
https://raw.githubusercontent.com/mohitrd/Startrack/master/Train_227.jpg,,,,
https://raw.githubusercontent.com/mohitrd/Startrack/master/Train_228.jpg,,,,
https://raw.githubusercontent.com/mohitrd/Startrack/master/Train_229.jpg,,,,
https://raw.githubusercontent.com/mohitrd/Startrack/master/Train_230.jpg,,,,
https://raw.githubusercontent.com/mohitrd/Startrack/master/Train_231.jpg,,,,
https://raw.githubusercontent.com/mohitrd/Startrack/master/Train_232.jpg,,,,
https://raw.githubusercontent.com/mohitrd/Startrack/master/Train_233.jpg,,,,
https://raw.githubusercontent.com/mohitrd/Startrack/master/Train_234.jpg,,,,
https://raw.githubusercontent.com/mohitrd/Startrack/master/Train_235.jpg,,,,
https://raw.githubusercontent.com/mohitrd/Startrack/master/Train_236.jpg,,,,
https://raw.githubusercontent.com/mohitrd/Startrack/master/Train_237.jpg,,,,
https://raw.githubusercontent.com/mohitrd/Startrack/master/Train_238.jpg,,,,
https://raw.githubusercontent.com/mohitrd/Startrack/master/Train_239.jpg,,,,
https://raw.githubusercontent.com/mohitrd/Startrack/master/Train_240.jpg,,,,
https://raw.githubusercontent.com/mohitrd/Startrack/master/Train_241.jpg,,,,
https://raw.githubusercontent.com/mohitrd/Startrack/master/Train_242.jpg,,,,
https://raw.githubusercontent.com/mohitrd/Startrack/master/Train_243.jpg,,,,
https://raw.githubusercontent.com/mohitrd/Startrack/master/Train_244.jpg,,,,
https://raw.githubusercontent.com/mohitrd/Startrack/master/Train_245.jpg,,,,
https://raw.githubusercontent.com/mohitrd/Startrack/master/Train_246.jpg,,,,
https://raw.githubusercontent.com/mohitrd/Startrack/master/Train_247.jpg,,,,
https://raw.githubusercontent.com/mohitrd/Startrack/master/Train_248.jpg,,,,
https://raw.githubusercontent.com/mohitrd/Startrack/master/Train_249.jpg,,,,
https://raw.githubusercontent.com/mohitrd/Startrack/master/Train_250.jpg,,,,
https://raw.githubusercontent.com/mohitrd/Startrack/master/Train_251.jpg,,,,
https://raw.githubusercontent.com/mohitrd/Startrack/master/Train_252.jpg,,,,
https://raw.githubusercontent.com/mohitrd/Startrack/master/Train_253.jpg,,,,
https://raw.githubusercontent.com/mohitrd/Startrack/master/Train_254.jpg,,,,
https://raw.githubusercontent.com/mohitrd/Startrack/master/Train_255.jpg,,,,
https://raw.githubusercontent.com/mohitrd/Startrack/master/Train_256.jpg,,,,
https://raw.githubusercontent.com/mohitrd/Startrack/master/Train_257.jpg,,,,
https://raw.githubusercontent.com/mohitrd/Startrack/master/Train_258.jpg,,,,
https://raw.githubusercontent.com/mohitrd/Startrack/master/Train_259.jpg,,,,
https://raw.githubusercontent.com/mohitrd/Startrack/master/Train_260.jpg,,,,
https://raw.githubusercontent.com/mohitrd/Startrack/master/Train_261.jpg,,,,
https://raw.githubusercontent.com/mohitrd/Startrack/master/Train_262.jpg,,,,
https://raw.githubusercontent.com/mohitrd/Startrack/master/Train_263.jpg,,,,
https://raw.githubusercontent.com/mohitrd/Startrack/master/Train_264.jpg,,,,
https://raw.githubusercontent.com/mohitrd/Startrack/master/Train_265.jpg,,,,
https://raw.githubusercontent.com/mohitrd/Startrack/master/Train_266.jpg,,,,
https://raw.githubusercontent.com/mohitrd/Startrack/master/Train_267.jpg,,,,
https://raw.githubusercontent.com/mohitrd/Startrack/master/Train_268.jpg,,,,
https://raw.githubusercontent.com/mohitrd/Startrack/master/Train_269.jpg,,,,
https://raw.githubusercontent.com/mohitrd/Startrack/master/Train_270.jpg,,,,
https://raw.githubusercontent.com/mohitrd/Startrack/master/Train_271.jpg,,,,
https://raw.githubusercontent.com/mohitrd/Startrack/master/Train_272.jpg,,,,
https://raw.githubusercontent.com/mohitrd/Startrack/master/Train_273.jpg,,,,
https://raw.githubusercontent.com/mohitrd/Startrack/master/Train_274.jpg,,,,
https://raw.githubusercontent.com/mohitrd/Startrack/master/Train_275.jpg,,,,
https://raw.githubusercontent.com/mohitrd/Startrack/master/Train_276.jpg,,,,
https://raw.githubusercontent.com/mohitrd/Startrack/master/Train_277.jpg,,,,
https://raw.githubusercontent.com/mohitrd/Startrack/master/Train_278.jpg,,,,
https://raw.githubusercontent.com/mohitrd/Startrack/master/Train_279.jpg,,,,
https://raw.githubusercontent.com/mohitrd/Startrack/master/Train_280.jpg,,,,
https://raw.githubusercontent.com/mohitrd/Startrack/master/Train_281.jpg,,,,
https://raw.githubusercontent.com/mohitrd/Startrack/master/Train_282.jpg,,,,
https://raw.githubusercontent.com/mohitrd/Startrack/master/Train_283.jpg,,,,
https://raw.githubusercontent.com/mohitrd/Startrack/master/Train_284.jpg,,,,
https://raw.githubusercontent.com/mohitrd/Startrack/master/Train_285.jpg,,,,
https://raw.githubusercontent.com/mohitrd/Startrack/master/Train_286.jpg,,,,
https://raw.githubusercontent.com/mohitrd/Startrack/master/Train_287.jpg,,,,
https://raw.githubusercontent.com/mohitrd/Startrack/master/Train_288.jpg,,,,
https://raw.githubusercontent.com/mohitrd/Startrack/master/Train_289.jpg,,,,
https://raw.githubusercontent.com/mohitrd/Startrack/master/Train_290.jpg,,,,
https://raw.githubusercontent.com/mohitrd/Startrack/master/Train_291.jpg,,,,
https://raw.githubusercontent.com/mohitrd/Startrack/master/Train_292.jpg,,,,
https://raw.githubusercontent.com/mohitrd/Startrack/master/Train_293.jpg,,,,
https://raw.githubusercontent.com/mohitrd/Startrack/master/Train_294.jpg,,,,
https://raw.githubusercontent.com/mohitrd/Startrack/master/Train_295.jpg,,,,
https://raw.githubusercontent.com/mohitrd/Startrack/master/Train_296.jpg,,,,
https://raw.githubusercontent.com/mohitrd/Startrack/master/Train_297.jpg,,,,
https://raw.githubusercontent.com/mohitrd/Startrack/master/Train_298.jpg,,,,
https://raw.githubusercontent.com/mohitrd/Startrack/master/Train_299.jpg,,,,
https://raw.githubusercontent.com/mohitrd/Startrack/master/Train_300.jpg,,,,
https://raw.githubusercontent.com/mohitrd/Startrack/master/Train_301.jpg,,,,
https://raw.githubusercontent.com/mohitrd/Startrack/master/Train_302.jpg,,,,
https://raw.githubusercontent.com/mohitrd/Startrack/master/Train_303.jpg,,,,
https://raw.githubusercontent.com/mohitrd/Startrack/master/Train_304.jpg,,,,
https://raw.githubusercontent.com/mohitrd/Startrack/master/Train_305.jpg,,,,
https://raw.githubusercontent.com/mohitrd/Startrack/master/Train_306.jpg,,,,
https://raw.githubusercontent.com/mohitrd/Startrack/master/Train_307.jpg,,,,
https://raw.githubusercontent.com/mohitrd/Startrack/master/Train_308.jpg,,,,
https://raw.githubusercontent.com/mohitrd/Startrack/master/Train_309.jpg,,,,
https://raw.githubusercontent.com/mohitrd/Startrack/master/Train_310.jpg,,,,
https://raw.githubusercontent.com/mohitrd/Startrack/master/Train_311.jpg,,,,
https://raw.githubusercontent.com/mohitrd/Startrack/master/Train_312.jpg,,,,
https://raw.githubusercontent.com/mohitrd/Startrack/master/Train_313.jpg,,,,
https://raw.githubusercontent.com/mohitrd/Startrack/master/Train_314.jpg,,,,
https://raw.githubusercontent.com/mohitrd/Startrack/master/Train_315.jpg,,,,
https://raw.githubusercontent.com/mohitrd/Startrack/master/Train_316.jpg,,,,
https://raw.githubusercontent.com/mohitrd/Startrack/master/Train_317.jpg,,,,
https://raw.githubusercontent.com/mohitrd/Startrack/master/Train_318.jpg,,,,
https://raw.githubusercontent.com/mohitrd/Startrack/master/Train_319.jpg,,,,
https://raw.githubusercontent.com/mohitrd/Startrack/master/Train_320.jpg,,,,
https://raw.githubusercontent.com/mohitrd/Startrack/master/Train_321.jpg,,,,
https://raw.githubusercontent.com/mohitrd/Startrack/master/Train_322.jpg,,,,
https://raw.githubusercontent.com/mohitrd/Startrack/master/Train_323.jpg,,,,
https://raw.githubusercontent.com/mohitrd/Startrack/master/Train_324.jpg,,,,
https://raw.githubusercontent.com/mohitrd/Startrack/master/Train_325.jpg,,,,
https://raw.githubusercontent.com/mohitrd/Startrack/master/Train_326.jpg,,,,
https://raw.githubusercontent.com/mohitrd/Startrack/master/Train_327.jpg,,,,
https://raw.githubusercontent.com/mohitrd/Startrack/master/Train_328.jpg,,,,
https://raw.githubusercontent.com/mohitrd/Startrack/master/Train_329.jpg,,,,
https://raw.githubusercontent.com/mohitrd/Startrack/master/Train_330.jpg,,,,
https://raw.githubusercontent.com/mohitrd/Startrack/master/Train_331.jpg,,,,
https://raw.githubusercontent.com/mohitrd/Startrack/master/Train_332.jpg,,,,
https://raw.githubusercontent.com/mohitrd/Startrack/master/Train_333.jpg,,,,
https://raw.githubusercontent.com/mohitrd/Startrack/master/Train_334.jpg,,,,
https://raw.githubusercontent.com/mohitrd/Startrack/master/Train_335.jpg,,,,
https://raw.githubusercontent.com/mohitrd/Startrack/master/Train_336.jpg,,,,
https://raw.githubusercontent.com/mohitrd/Startrack/master/Train_337.jpg,,,,
https://raw.githubusercontent.com/mohitrd/Startrack/master/Train_338.jpg,,,,
https://raw.githubusercontent.com/mohitrd/Startrack/master/Train_339.jpg,,,,
https://raw.githubusercontent.com/mohitrd/Startrack/master/Train_340.jpg,,,,
https://raw.githubusercontent.com/mohitrd/Startrack/master/Train_341.jpg,,,,
https://raw.githubusercontent.com/mohitrd/Startrack/master/Train_342.jpg,,,,
https://raw.githubusercontent.com/mohitrd/Startrack/master/Train_343.jpg,,,,
https://raw.githubusercontent.com/mohitrd/Startrack/master/Train_344.jpg,,,,
https://raw.githubusercontent.com/mohitrd/Startrack/master/Train_345.jpg,,,,
https://raw.githubusercontent.com/mohitrd/Startrack/master/Train_346.jpg,,,,
https://raw.githubusercontent.com/mohitrd/Startrack/master/Train_347.jpg,,,,
https://raw.githubusercontent.com/mohitrd/Startrack/master/Train_348.jpg,,,,
https://raw.githubusercontent.com/mohitrd/Startrack/master/Train_349.jpg,,,,
https://raw.githubusercontent.com/mohitrd/Startrack/master/Train_350.jpg,,,,
https://raw.githubusercontent.com/mohitrd/Startrack/master/Train_351.jpg,,,,
https://raw.githubusercontent.com/mohitrd/Startrack/master/Train_352.jpg,,,,
https://raw.githubusercontent.com/mohitrd/Startrack/master/Train_353.jpg,,,,
https://raw.githubusercontent.com/mohitrd/Startrack/master/Train_354.jpg,,,,
https://raw.githubusercontent.com/mohitrd/Startrack/master/Train_355.jpg,,,,
https://raw.githubusercontent.com/mohitrd/Startrack/master/Train_356.jpg,,,,
https://raw.githubusercontent.com/mohitrd/Startrack/master/Train_357.jpg,,,,
https://raw.githubusercontent.com/mohitrd/Startrack/master/Train_358.jpg,,,,
https://raw.githubusercontent.com/mohitrd/Startrack/master/Train_359.jpg,,,,
https://raw.githubusercontent.com/mohitrd/Startrack/master/Train_360.jpg,,,,
https://raw.githubusercontent.com/mohitrd/Startrack/master/Train_361.jpg,,,,
https://raw.githubusercontent.com/mohitrd/Startrack/master/Train_362.jpg,,,,
https://raw.githubusercontent.com/mohitrd/Startrack/master/Train_363.jpg,,,,
https://raw.githubusercontent.com/mohitrd/Startrack/master/Train_364.jpg,,,,
https://raw.githubusercontent.com/mohitrd/Startrack/master/Train_365.jpg,,,,
https://raw.githubusercontent.com/mohitrd/Startrack/master/Train_366.jpg,,,,
https://raw.githubusercontent.com/mohitrd/Startrack/master/Train_367.jpg,,,,
https://raw.githubusercontent.com/mohitrd/Startrack/master/Train_368.jpg,,,,
https://raw.githubusercontent.com/mohitrd/Startrack/master/Train_369.jpg,,,,
https://raw.githubusercontent.com/mohitrd/Startrack/master/Train_370.jpg,,,,
https://raw.githubusercontent.com/mohitrd/Startrack/master/Train_371.jpg,,,,
https://raw.githubusercontent.com/mohitrd/Startrack/master/Train_372.jpg,,,,
https://raw.githubusercontent.com/mohitrd/Startrack/master/Train_373.jpg,,,,
https://raw.githubusercontent.com/mohitrd/Startrack/master/Train_374.jpg,,,,
https://raw.githubusercontent.com/mohitrd/Startrack/master/Train_375.jpg,,,,
https://raw.githubusercontent.com/mohitrd/Startrack/master/Train_376.jpg,,,,
https://raw.githubusercontent.com/mohitrd/Startrack/master/Train_377.jpg,,,,
https://raw.githubusercontent.com/mohitrd/Startrack/master/Train_378.jpg,,,,
https://raw.githubusercontent.com/mohitrd/Startrack/master/Train_379.jpg,,,,
https://raw.githubusercontent.com/mohitrd/Startrack/master/Train_380.jpg,,,,
https://raw.githubusercontent.com/mohitrd/Startrack/master/Train_381.jpg,,,,
https://raw.githubusercontent.com/mohitrd/Startrack/master/Train_382.jpg,,,,
https://raw.githubusercontent.com/mohitrd/Startrack/master/Train_383.jpg,,,,
https://raw.githubusercontent.com/mohitrd/Startrack/master/Train_384.jpg,,,,
https://raw.githubusercontent.com/mohitrd/Startrack/master/Train_385.jpg,,,,
https://raw.githubusercontent.com/mohitrd/Startrack/master/Train_386.jpg,,,,
https://raw.githubusercontent.com/mohitrd/Startrack/master/Train_387.jpg,,,,
https://raw.githubusercontent.com/mohitrd/Startrack/master/Train_388.jpg,,,,
https://raw.githubusercontent.com/mohitrd/Startrack/master/Train_389.jpg,,,,
https://raw.githubusercontent.com/mohitrd/Startrack/master/Train_390.jpg,,,,
https://raw.githubusercontent.com/mohitrd/Startrack/master/Train_391.jpg,,,,
https://raw.githubusercontent.com/mohitrd/Startrack/master/Train_392.jpg,,,,
https://raw.githubusercontent.com/mohitrd/Startrack/master/Train_393.jpg,,,,
https://raw.githubusercontent.com/mohitrd/Startrack/master/Train_394.jpg,,,,
https://raw.githubusercontent.com/mohitrd/Startrack/master/Train_395.jpg,,,,
https://raw.githubusercontent.com/mohitrd/Startrack/master/Train_396.jpg,,,,
https://raw.githubusercontent.com/mohitrd/Startrack/master/Train_397.jpg,,,,
https://raw.githubusercontent.com/mohitrd/Startrack/master/Train_398.jpg,,,,
https://raw.githubusercontent.com/mohitrd/Startrack/master/Train_399.jpg,,,,
https://raw.githubusercontent.com/mohitrd/Startrack/master/Train_400.jpg,,,,
https://raw.githubusercontent.com/mohitrd/Startrack/master/Train_401.jpg,,,,
https://raw.githubusercontent.com/mohitrd/Startrack/master/Train_402.jpg,,,,
https://raw.githubusercontent.com/mohitrd/Startrack/master/Train_403.jpg,,,,
https://raw.githubusercontent.com/mohitrd/Startrack/master/Train_404.jpg,,,,
https://raw.githubusercontent.com/mohitrd/Startrack/master/Train_405.jpg,,,,
https://raw.githubusercontent.com/mohitrd/Startrack/master/Train_406.jpg,,,,
https://raw.githubusercontent.com/mohitrd/Startrack/master/Train_407.jpg,,,,
https://raw.githubusercontent.com/mohitrd/Startrack/master/Train_408.jpg,,,,
https://raw.githubusercontent.com/mohitrd/Startrack/master/Train_409.jpg,,,,
https://raw.githubusercontent.com/mohitrd/Startrack/master/Train_410.jpg,,,,
https://raw.githubusercontent.com/mohitrd/Startrack/master/Train_411.jpg,,,,
https://raw.githubusercontent.com/mohitrd/Startrack/master/Train_412.jpg,,,,
https://raw.githubusercontent.com/mohitrd/Startrack/master/Train_413.jpg,,,,
https://raw.githubusercontent.com/mohitrd/Startrack/master/Train_414.jpg,,,,
https://raw.githubusercontent.com/mohitrd/Startrack/master/Train_415.jpg,,,,
https://raw.githubusercontent.com/mohitrd/Startrack/master/Train_416.jpg,,,,
https://raw.githubusercontent.com/mohitrd/Startrack/master/Train_417.jpg,,,,
https://raw.githubusercontent.com/mohitrd/Startrack/master/Train_418.jpg,,,,
https://raw.githubusercontent.com/mohitrd/Startrack/master/Train_419.jpg,,,,
https://raw.githubusercontent.com/mohitrd/Startrack/master/Train_420.jpg,,,,
https://raw.githubusercontent.com/mohitrd/Startrack/master/Train_421.jpg,,,,
https://raw.githubusercontent.com/mohitrd/Startrack/master/Train_422.jpg,,,,
https://raw.githubusercontent.com/mohitrd/Startrack/master/Train_423.jpg,,,,
https://raw.githubusercontent.com/mohitrd/Startrack/master/Train_424.jpg,,,,
https://raw.githubusercontent.com/mohitrd/Startrack/master/Train_425.jpg,,,,
https://raw.githubusercontent.com/mohitrd/Startrack/master/Train_426.jpg,,,,
https://raw.githubusercontent.com/mohitrd/Startrack/master/Train_427.jpg,,,,
https://raw.githubusercontent.com/mohitrd/Startrack/master/Train_428.jpg,,,,
https://raw.githubusercontent.com/mohitrd/Startrack/master/Train_429.jpg,,,,
https://raw.githubusercontent.com/mohitrd/Startrack/master/Train_430.jpg,,,,
https://raw.githubusercontent.com/mohitrd/Startrack/master/Train_431.jpg,,,,
https://raw.githubusercontent.com/mohitrd/Startrack/master/Train_432.jpg,,,,
https://raw.githubusercontent.com/mohitrd/Startrack/master/Train_433.jpg,,,,
https://raw.githubusercontent.com/mohitrd/Startrack/master/Train_434.jpg,,,,
https://raw.githubusercontent.com/mohitrd/Startrack/master/Train_435.jpg,,,,
https://raw.githubusercontent.com/mohitrd/Startrack/master/Train_436.jpg,,,,
https://raw.githubusercontent.com/mohitrd/Startrack/master/Train_437.jpg,,,,
https://raw.githubusercontent.com/mohitrd/Startrack/master/Train_438.jpg,,,,
https://raw.githubusercontent.com/mohitrd/Startrack/master/Train_439.jpg,,,,
https://raw.githubusercontent.com/mohitrd/Startrack/master/Train_440.jpg,,,,
https://raw.githubusercontent.com/mohitrd/Startrack/master/Train_441.jpg,,,,
https://raw.githubusercontent.com/mohitrd/Startrack/master/Train_442.jpg,,,,
https://raw.githubusercontent.com/mohitrd/Startrack/master/Train_443.jpg,,,,
https://raw.githubusercontent.com/mohitrd/Startrack/master/Train_444.jpg,,,,
https://raw.githubusercontent.com/mohitrd/Startrack/master/Train_445.jpg,,,,
https://raw.githubusercontent.com/mohitrd/Startrack/master/Train_446.jpg,,,,
https://raw.githubusercontent.com/mohitrd/Startrack/master/Train_447.jpg,,,,
https://raw.githubusercontent.com/mohitrd/Startrack/master/Train_448.jpg,,,,
https://raw.githubusercontent.com/mohitrd/Startrack/master/Train_449.jpg,,,,
https://raw.githubusercontent.com/mohitrd/Startrack/master/Train_450.jpg,,,,
https://raw.githubusercontent.com/mohitrd/Startrack/master/Train_451.jpg,,,,
https://raw.githubusercontent.com/mohitrd/Startrack/master/Train_452.jpg,,,,
https://raw.githubusercontent.com/mohitrd/Startrack/master/Train_453.jpg,,,,
https://raw.githubusercontent.com/mohitrd/Startrack/master/Train_454.jpg,,,,
https://raw.githubusercontent.com/mohitrd/Startrack/master/Train_455.jpg,,,,
https://raw.githubusercontent.com/mohitrd/Startrack/master/Train_456.jpg,,,,
https://raw.githubusercontent.com/mohitrd/Startrack/master/Train_457.jpg,,,,
https://raw.githubusercontent.com/mohitrd/Startrack/master/Train_458.jpg,,,,
https://raw.githubusercontent.com/mohitrd/Startrack/master/Train_459.jpg,,,,
https://raw.githubusercontent.com/mohitrd/Startrack/master/Train_460.jpg,,,,
https://raw.githubusercontent.com/mohitrd/Startrack/master/Train_461.jpg,,,,
https://raw.githubusercontent.com/mohitrd/Startrack/master/Train_462.jpg,,,,
https://raw.githubusercontent.com/mohitrd/Startrack/master/Train_463.jpg,,,,
https://raw.githubusercontent.com/mohitrd/Startrack/master/Train_464.jpg,,,,
https://raw.githubusercontent.com/mohitrd/Startrack/master/Train_465.jpg,,,,
https://raw.githubusercontent.com/mohitrd/Startrack/master/Train_466.jpg,,,,
https://raw.githubusercontent.com/mohitrd/Startrack/master/Train_467.jpg,,,,
https://raw.githubusercontent.com/mohitrd/Startrack/master/Train_468.jpg,,,,
https://raw.githubusercontent.com/mohitrd/Startrack/master/Train_469.jpg,,,,
https://raw.githubusercontent.com/mohitrd/Startrack/master/Train_470.jpg,,,,
https://raw.githubusercontent.com/mohitrd/Startrack/master/Train_471.jpg,,,,
https://raw.githubusercontent.com/mohitrd/Startrack/master/Train_472.jpg,,,,
https://raw.githubusercontent.com/mohitrd/Startrack/master/Train_473.jpg,,,,
https://raw.githubusercontent.com/mohitrd/Startrack/master/Train_474.jpg,,,,
https://raw.githubusercontent.com/mohitrd/Startrack/master/Train_475.jpg,,,,
https://raw.githubusercontent.com/mohitrd/Startrack/master/Train_476.jpg,,,,
https://raw.githubusercontent.com/mohitrd/Startrack/master/Train_477.jpg,,,,
https://raw.githubusercontent.com/mohitrd/Startrack/master/Train_478.jpg,,,,
https://raw.githubusercontent.com/mohitrd/Startrack/master/Train_479.jpg,,,,
https://raw.githubusercontent.com/mohitrd/Startrack/master/Train_480.jpg,,,,
https://raw.githubusercontent.com/mohitrd/Startrack/master/Train_481.jpg,,,,
https://raw.githubusercontent.com/mohitrd/Startrack/master/Train_482.jpg,,,,
https://raw.githubusercontent.com/mohitrd/Startrack/master/Train_483.jpg,,,,
https://raw.githubusercontent.com/mohitrd/Startrack/master/Train_484.jpg,,,,
https://raw.githubusercontent.com/mohitrd/Startrack/master/Train_485.jpg,,,,
https://raw.githubusercontent.com/mohitrd/Startrack/master/Train_486.jpg,,,,
https://raw.githubusercontent.com/mohitrd/Startrack/master/Train_487.jpg,,,,
https://raw.githubusercontent.com/mohitrd/Startrack/master/Train_488.jpg,,,,
https://raw.githubusercontent.com/mohitrd/Startrack/master/Train_489.jpg,,,,
https://raw.githubusercontent.com/mohitrd/Startrack/master/Train_490.jpg,,,,
https://raw.githubusercontent.com/mohitrd/Startrack/master/Train_491.jpg,,,,
https://raw.githubusercontent.com/mohitrd/Startrack/master/Train_492.jpg,,,,
https://raw.githubusercontent.com/mohitrd/Startrack/master/Train_493.jpg,,,,
https://raw.githubusercontent.com/mohitrd/Startrack/master/Train_494.jpg,,,,
https://raw.githubusercontent.com/mohitrd/Startrack/master/Train_495.jpg,,,,
https://raw.githubusercontent.com/mohitrd/Startrack/master/Train_496.jpg,,,,
https://raw.githubusercontent.com/mohitrd/Startrack/master/Train_497.jpg,,,,
https://raw.githubusercontent.com/mohitrd/Startrack/master/Train_498.jpg,,,,
https://raw.githubusercontent.com/mohitrd/Startrack/master/Train_499.jpg,,,,
https://raw.githubusercontent.com/mohitrd/Startrack/master/Train_500.jpg,,,,
https://raw.githubusercontent.com/mohitrd/Startrack/master/Train_501.jpg,,,,
https://raw.githubusercontent.com/mohitrd/Startrack/master/Train_502.jpg,,,,
https://raw.githubusercontent.com/mohitrd/Startrack/master/Train_503.jpg,,,,
https://raw.githubusercontent.com/mohitrd/Startrack/master/Train_504.jpg,,,,
https://raw.githubusercontent.com/mohitrd/Startrack/master/Train_505.jpg,,,,
https://raw.githubusercontent.com/mohitrd/Startrack/master/Train_506.jpg,,,,
https://raw.githubusercontent.com/mohitrd/Startrack/master/Train_507.jpg,,,,
https://raw.githubusercontent.com/mohitrd/Startrack/master/Train_508.jpg,,,,
https://raw.githubusercontent.com/mohitrd/Startrack/master/Train_509.jpg,,,,
https://raw.githubusercontent.com/mohitrd/Startrack/master/Train_510.jpg,,,,
https://raw.githubusercontent.com/mohitrd/Startrack/master/Train_511.jpg,,,,
https://raw.githubusercontent.com/mohitrd/Startrack/master/Train_512.jpg,,,,
https://raw.githubusercontent.com/mohitrd/Startrack/master/Train_513.jpg,,,,
https://raw.githubusercontent.com/mohitrd/Startrack/master/Train_514.jpg,,,,
https://raw.githubusercontent.com/mohitrd/Startrack/master/Train_515.jpg,,,,
https://raw.githubusercontent.com/mohitrd/Startrack/master/Train_516.jpg,,,,
https://raw.githubusercontent.com/mohitrd/Startrack/master/Train_517.jpg,,,,
https://raw.githubusercontent.com/mohitrd/Startrack/master/Train_518.jpg,,,,
https://raw.githubusercontent.com/mohitrd/Startrack/master/Train_519.jpg,,,,
https://raw.githubusercontent.com/mohitrd/Startrack/master/Train_520.jpg,,,,
https://raw.githubusercontent.com/mohitrd/Startrack/master/Train_521.jpg,,,,
https://raw.githubusercontent.com/mohitrd/Startrack/master/Train_522.jpg,,,,
https://raw.githubusercontent.com/mohitrd/Startrack/master/Train_523.jpg,,,,
https://raw.githubusercontent.com/mohitrd/Startrack/master/Train_524.jpg,,,,
https://raw.githubusercontent.com/mohitrd/Startrack/master/Train_525.jpg,,,,
https://raw.githubusercontent.com/mohitrd/Startrack/master/Train_526.jpg,,,,
https://raw.githubusercontent.com/mohitrd/Startrack/master/Train_527.jpg,,,,
https://raw.githubusercontent.com/mohitrd/Startrack/master/Train_528.jpg,,,,
https://raw.githubusercontent.com/mohitrd/Startrack/master/Train_529.jpg,,,,
https://raw.githubusercontent.com/mohitrd/Startrack/master/Train_530.jpg,,,,
https://raw.githubusercontent.com/mohitrd/Startrack/master/Train_531.jpg,,,,
https://raw.githubusercontent.com/mohitrd/Startrack/master/Train_532.jpg,,,,
https://raw.githubusercontent.com/mohitrd/Startrack/master/Train_533.jpg,,,,
https://raw.githubusercontent.com/mohitrd/Startrack/master/Train_534.jpg,,,,
https://raw.githubusercontent.com/mohitrd/Startrack/master/Train_535.jpg,,,,
https://raw.githubusercontent.com/mohitrd/Startrack/master/Train_536.jpg,,,,
https://raw.githubusercontent.com/mohitrd/Startrack/master/Train_537.jpg,,,,
https://raw.githubusercontent.com/mohitrd/Startrack/master/Train_538.jpg,,,,
https://raw.githubusercontent.com/mohitrd/Startrack/master/Train_539.jpg,,,,
https://raw.githubusercontent.com/mohitrd/Startrack/master/Train_540.jpg,,,,
https://raw.githubusercontent.com/mohitrd/Startrack/master/Train_541.jpg,,,,
https://raw.githubusercontent.com/mohitrd/Startrack/master/Train_542.jpg,,,,
https://raw.githubusercontent.com/mohitrd/Startrack/master/Train_543.jpg,,,,
https://raw.githubusercontent.com/mohitrd/Startrack/master/Train_544.jpg,,,,
https://raw.githubusercontent.com/mohitrd/Startrack/master/Train_545.jpg,,,,
https://raw.githubusercontent.com/mohitrd/Startrack/master/Train_546.jpg,,,,
https://raw.githubusercontent.com/mohitrd/Startrack/master/Train_547.jpg,,,,
https://raw.githubusercontent.com/mohitrd/Startrack/master/Train_548.jpg,,,,
https://raw.githubusercontent.com/mohitrd/Startrack/master/Train_549.jpg,,,,
https://raw.githubusercontent.com/mohitrd/Startrack/master/Train_550.jpg,,,,
https://raw.githubusercontent.com/mohitrd/Startrack/master/Train_551.jpg,,,,
https://raw.githubusercontent.com/mohitrd/Startrack/master/Train_552.jpg,,,,
https://raw.githubusercontent.com/mohitrd/Startrack/master/Train_553.jpg,,,,
https://raw.githubusercontent.com/mohitrd/Startrack/master/Train_554.jpg,,,,
https://raw.githubusercontent.com/mohitrd/Startrack/master/Train_555.jpg,,,,
https://raw.githubusercontent.com/mohitrd/Startrack/master/Train_556.jpg,,,,
https://raw.githubusercontent.com/mohitrd/Startrack/master/Train_557.jpg,,,,
https://raw.githubusercontent.com/mohitrd/Startrack/master/Train_558.jpg,,,,
https://raw.githubusercontent.com/mohitrd/Startrack/master/Train_559.jpg,,,,
https://raw.githubusercontent.com/mohitrd/Startrack/master/Train_560.jpg,,,,
https://raw.githubusercontent.com/mohitrd/Startrack/master/Train_561.jpg,,,,
https://raw.githubusercontent.com/mohitrd/Startrack/master/Train_562.jpg,,,,
https://raw.githubusercontent.com/mohitrd/Startrack/master/Train_563.jpg,,,,
https://raw.githubusercontent.com/mohitrd/Startrack/master/Train_564.jpg,,,,
https://raw.githubusercontent.com/mohitrd/Startrack/master/Train_565.jpg,,,,
https://raw.githubusercontent.com/mohitrd/Startrack/master/Train_566.jpg,,,,
https://raw.githubusercontent.com/mohitrd/Startrack/master/Train_567.jpg,,,,
https://raw.githubusercontent.com/mohitrd/Startrack/master/Train_568.jpg,,,,
https://raw.githubusercontent.com/mohitrd/Startrack/master/Train_569.jpg,,,,
https://raw.githubusercontent.com/mohitrd/Startrack/master/Train_570.jpg,,,,
https://raw.githubusercontent.com/mohitrd/Startrack/master/Train_571.jpg,,,,
https://raw.githubusercontent.com/mohitrd/Startrack/master/Train_572.jpg,,,,
https://raw.githubusercontent.com/mohitrd/Startrack/master/Train_573.jpg,,,,
https://raw.githubusercontent.com/mohitrd/Startrack/master/Train_574.jpg,,,,
https://raw.githubusercontent.com/mohitrd/Startrack/master/Train_575.jpg,,,,
https://raw.githubusercontent.com/mohitrd/Startrack/master/Train_576.jpg,,,,
https://raw.githubusercontent.com/mohitrd/Startrack/master/Train_577.jpg,,,,
https://raw.githubusercontent.com/mohitrd/Startrack/master/Train_578.jpg,,,,
https://raw.githubusercontent.com/mohitrd/Startrack/master/Train_579.jpg,,,,
https://raw.githubusercontent.com/mohitrd/Startrack/master/Train_580.jpg,,,,
https://raw.githubusercontent.com/mohitrd/Startrack/master/Train_581.jpg,,,,
https://raw.githubusercontent.com/mohitrd/Startrack/master/Train_582.jpg,,,,
https://raw.githubusercontent.com/mohitrd/Startrack/master/Train_583.jpg,,,,
https://raw.githubusercontent.com/mohitrd/Startrack/master/Train_584.jpg,,,,
https://raw.githubusercontent.com/mohitrd/Startrack/master/Train_585.jpg,,,,
https://raw.githubusercontent.com/mohitrd/Startrack/master/Train_586.jpg,,,,
https://raw.githubusercontent.com/mohitrd/Startrack/master/Train_587.jpg,,,,
https://raw.githubusercontent.com/mohitrd/Startrack/master/Train_588.jpg,,,,
https://raw.githubusercontent.com/mohitrd/Startrack/master/Train_589.jpg,,,,
https://raw.githubusercontent.com/mohitrd/Startrack/master/Train_590.jpg,,,,
https://raw.githubusercontent.com/mohitrd/Startrack/master/Train_591.jpg,,,,
https://raw.githubusercontent.com/mohitrd/Startrack/master/Train_592.jpg,,,,
https://raw.githubusercontent.com/mohitrd/Startrack/master/Train_593.jpg,,,,
https://raw.githubusercontent.com/mohitrd/Startrack/master/Train_594.jpg,,,,
https://raw.githubusercontent.com/mohitrd/Startrack/master/Train_595.jpg,,,,
https://raw.githubusercontent.com/mohitrd/Startrack/master/Train_596.jpg,,,,
https://raw.githubusercontent.com/mohitrd/Startrack/master/Train_597.jpg,,,,
https://raw.githubusercontent.com/mohitrd/Startrack/master/Train_598.jpg,,,,
https://raw.githubusercontent.com/mohitrd/Startrack/master/Train_599.jpg,,,,
https://raw.githubusercontent.com/mohitrd/Startrack/master/Train_600.jpg,,,,
https://raw.githubusercontent.com/mohitrd/Startrack/master/Train_601.jpg,,,,
https://raw.githubusercontent.com/mohitrd/Startrack/master/Train_602.jpg,,,,
https://raw.githubusercontent.com/mohitrd/Startrack/master/Train_603.jpg,,,,
https://raw.githubusercontent.com/mohitrd/Startrack/master/Train_604.jpg,,,,
https://raw.githubusercontent.com/mohitrd/Startrack/master/Train_605.jpg,,,,
https://raw.githubusercontent.com/mohitrd/Startrack/master/Train_606.jpg,,,,
https://raw.githubusercontent.com/mohitrd/Startrack/master/Train_607.jpg,,,,
https://raw.githubusercontent.com/mohitrd/Startrack/master/Train_608.jpg,,,,
https://raw.githubusercontent.com/mohitrd/Startrack/master/Train_609.jpg,,,,
https://raw.githubusercontent.com/mohitrd/Startrack/master/Train_610.jpg,,,,
https://raw.githubusercontent.com/mohitrd/Startrack/master/Train_611.jpg,,,,
https://raw.githubusercontent.com/mohitrd/Startrack/master/Train_612.jpg,,,,
https://raw.githubusercontent.com/mohitrd/Startrack/master/Train_613.jpg,,,,
https://raw.githubusercontent.com/mohitrd/Startrack/master/Train_614.jpg,,,,
https://raw.githubusercontent.com/mohitrd/Startrack/master/Train_615.jpg,,,,
https://raw.githubusercontent.com/mohitrd/Startrack/master/Train_616.jpg,,,,
https://raw.githubusercontent.com/mohitrd/Startrack/master/Train_617.jpg,,,,
https://raw.githubusercontent.com/mohitrd/Startrack/master/Train_618.jpg,,,,
https://raw.githubusercontent.com/mohitrd/Startrack/master/Train_619.jpg,,,,
https://raw.githubusercontent.com/mohitrd/Startrack/master/Train_620.jpg,,,,
https://raw.githubusercontent.com/mohitrd/Startrack/master/Train_621.jpg,,,,
https://raw.githubusercontent.com/mohitrd/Startrack/master/Train_622.jpg,,,,
https://raw.githubusercontent.com/mohitrd/Startrack/master/Train_623.jpg,,,,
https://raw.githubusercontent.com/mohitrd/Startrack/master/Train_624.jpg,,,,
https://raw.githubusercontent.com/mohitrd/Startrack/master/Train_625.jpg,,,,
https://raw.githubusercontent.com/mohitrd/Startrack/master/Train_626.jpg,,,,
https://raw.githubusercontent.com/mohitrd/Startrack/master/Train_627.jpg,,,,
https://raw.githubusercontent.com/mohitrd/Startrack/master/Train_628.jpg,,,,
https://raw.githubusercontent.com/mohitrd/Startrack/master/Train_629.jpg,,,,
https://raw.githubusercontent.com/mohitrd/Startrack/master/Train_630.jpg,,,,
https://raw.githubusercontent.com/mohitrd/Startrack/master/Train_631.jpg,,,,
https://raw.githubusercontent.com/mohitrd/Startrack/master/Train_632.jpg,,,,
https://raw.githubusercontent.com/mohitrd/Startrack/master/Train_633.jpg,,,,
https://raw.githubusercontent.com/mohitrd/Startrack/master/Train_634.jpg,,,,
https://raw.githubusercontent.com/mohitrd/Startrack/master/Train_635.jpg,,,,
https://raw.githubusercontent.com/mohitrd/Startrack/master/Train_636.jpg,,,,
https://raw.githubusercontent.com/mohitrd/Startrack/master/Train_637.jpg,,,,
https://raw.githubusercontent.com/mohitrd/Startrack/master/Train_638.jpg,,,,
https://raw.githubusercontent.com/mohitrd/Startrack/master/Train_639.jpg,,,,
https://raw.githubusercontent.com/mohitrd/Startrack/master/Train_640.jpg,,,,
https://raw.githubusercontent.com/mohitrd/Startrack/master/Train_641.jpg,,,,
https://raw.githubusercontent.com/mohitrd/Startrack/master/Train_642.jpg,,,,
https://raw.githubusercontent.com/mohitrd/Startrack/master/Train_643.jpg,,,,
https://raw.githubusercontent.com/mohitrd/Startrack/master/Train_644.jpg,,,,
https://raw.githubusercontent.com/mohitrd/Startrack/master/Train_645.jpg,,,,
https://raw.githubusercontent.com/mohitrd/Startrack/master/Train_646.jpg,,,,
https://raw.githubusercontent.com/mohitrd/Startrack/master/Train_647.jpg,,,,
https://raw.githubusercontent.com/mohitrd/Startrack/master/Train_648.jpg,,,,
https://raw.githubusercontent.com/mohitrd/Startrack/master/Train_649.jpg,,,,
https://raw.githubusercontent.com/mohitrd/Startrack/master/Train_650.jpg,,,,
https://raw.githubusercontent.com/mohitrd/Startrack/master/Train_651.jpg,,,,
https://raw.githubusercontent.com/mohitrd/Startrack/master/Train_652.jpg,,,,
https://raw.githubusercontent.com/mohitrd/Startrack/master/Train_653.jpg,,,,
https://raw.githubusercontent.com/mohitrd/Startrack/master/Train_654.jpg,,,,
https://raw.githubusercontent.com/mohitrd/Startrack/master/Train_655.jpg,,,,
https://raw.githubusercontent.com/mohitrd/Startrack/master/Train_656.jpg,,,,
https://raw.githubusercontent.com/mohitrd/Startrack/master/Train_657.jpg,,,,
https://raw.githubusercontent.com/mohitrd/Startrack/master/Train_658.jpg,,,,
https://raw.githubusercontent.com/mohitrd/Startrack/master/Train_659.jpg,,,,
https://raw.githubusercontent.com/mohitrd/Startrack/master/Train_660.jpg,,,,
https://raw.githubusercontent.com/mohitrd/Startrack/master/Train_661.jpg,,,,
https://raw.githubusercontent.com/mohitrd/Startrack/master/Train_662.jpg,,,,
https://raw.githubusercontent.com/mohitrd/Startrack/master/Train_663.jpg,,,,
https://raw.githubusercontent.com/mohitrd/Startrack/master/Train_664.jpg,,,,
https://raw.githubusercontent.com/mohitrd/Startrack/master/Train_665.jpg,,,,
https://raw.githubusercontent.com/mohitrd/Startrack/master/Train_666.jpg,,,,
https://raw.githubusercontent.com/mohitrd/Startrack/master/Train_667.jpg,,,,
https://raw.githubusercontent.com/mohitrd/Startrack/master/Train_668.jpg,,,,
https://raw.githubusercontent.com/mohitrd/Startrack/master/Train_669.jpg,,,,
https://raw.githubusercontent.com/mohitrd/Startrack/master/Train_670.jpg,,,,
https://raw.githubusercontent.com/mohitrd/Startrack/master/Train_671.jpg,,,,
https://raw.githubusercontent.com/mohitrd/Startrack/master/Train_672.jpg,,,,
https://raw.githubusercontent.com/mohitrd/Startrack/master/Train_673.jpg,,,,
https://raw.githubusercontent.com/mohitrd/Startrack/master/Train_674.jpg,,,,
https://raw.githubusercontent.com/mohitrd/Startrack/master/Train_675.jpg,,,,
https://raw.githubusercontent.com/mohitrd/Startrack/master/Train_676.jpg,,,,
https://raw.githubusercontent.com/mohitrd/Startrack/master/Train_677.jpg,,,,
https://raw.githubusercontent.com/mohitrd/Startrack/master/Train_678.jpg,,,,
https://raw.githubusercontent.com/mohitrd/Startrack/master/Train_679.jpg,,,,
https://raw.githubusercontent.com/mohitrd/Startrack/master/Train_680.jpg,,,,
https://raw.githubusercontent.com/mohitrd/Startrack/master/Train_681.jpg,,,,
https://raw.githubusercontent.com/mohitrd/Startrack/master/Train_682.jpg,,,,
https://raw.githubusercontent.com/mohitrd/Startrack/master/Train_683.jpg,,,,
https://raw.githubusercontent.com/mohitrd/Startrack/master/Train_684.jpg,,,,
https://raw.githubusercontent.com/mohitrd/Startrack/master/Train_685.jpg,,,,
https://raw.githubusercontent.com/mohitrd/Startrack/master/Train_686.jpg,,,,
https://raw.githubusercontent.com/mohitrd/Startrack/master/Train_687.jpg,,,,
https://raw.githubusercontent.com/mohitrd/Startrack/master/Train_688.jpg,,,,
https://raw.githubusercontent.com/mohitrd/Startrack/master/Train_689.jpg,,,,
https://raw.githubusercontent.com/mohitrd/Startrack/master/Train_690.jpg,,,,
https://raw.githubusercontent.com/mohitrd/Startrack/master/Train_691.jpg,,,,
https://raw.githubusercontent.com/mohitrd/Startrack/master/Train_692.jpg,,,,
https://raw.githubusercontent.com/mohitrd/Startrack/master/Train_693.jpg,,,,
https://raw.githubusercontent.com/mohitrd/Startrack/master/Train_694.jpg,,,,
https://raw.githubusercontent.com/mohitrd/Startrack/master/Train_695.jpg,,,,
https://raw.githubusercontent.com/mohitrd/Startrack/master/Train_696.jpg,,,,
https://raw.githubusercontent.com/mohitrd/Startrack/master/Train_697.jpg,,,,
https://raw.githubusercontent.com/mohitrd/Startrack/master/Train_698.jpg,,,,
https://raw.githubusercontent.com/mohitrd/Startrack/master/Train_699.jpg,,,,
https://raw.githubusercontent.com/mohitrd/Startrack/master/Train_700.jpg,,,,
https://raw.githubusercontent.com/mohitrd/Startrack/master/Train_701.jpg,,,,
https://raw.githubusercontent.com/mohitrd/Startrack/master/Train_702.jpg,,,,
https://raw.githubusercontent.com/mohitrd/Startrack/master/Train_703.jpg,,,,
https://raw.githubusercontent.com/mohitrd/Startrack/master/Train_704.jpg,,,,
https://raw.githubusercontent.com/mohitrd/Startrack/master/Train_705.jpg,,,,
https://raw.githubusercontent.com/mohitrd/Startrack/master/Train_706.jpg,,,,
https://raw.githubusercontent.com/mohitrd/Startrack/master/Train_707.jpg,,,,
https://raw.githubusercontent.com/mohitrd/Startrack/master/Train_708.jpg,,,,
https://raw.githubusercontent.com/mohitrd/Startrack/master/Train_709.jpg,,,,
https://raw.githubusercontent.com/mohitrd/Startrack/master/Train_710.jpg,,,,
https://raw.githubusercontent.com/mohitrd/Startrack/master/Train_711.jpg,,,,
https://raw.githubusercontent.com/mohitrd/Startrack/master/Train_712.jpg,,,,
https://raw.githubusercontent.com/mohitrd/Startrack/master/Train_713.jpg,,,,
https://raw.githubusercontent.com/mohitrd/Startrack/master/Train_714.jpg,,,,
https://raw.githubusercontent.com/mohitrd/Startrack/master/Train_715.jpg,,,,
https://raw.githubusercontent.com/mohitrd/Startrack/master/Train_716.jpg,,,,
https://raw.githubusercontent.com/mohitrd/Startrack/master/Train_717.jpg,,,,
https://raw.githubusercontent.com/mohitrd/Startrack/master/Train_718.jpg,,,,
https://raw.githubusercontent.com/mohitrd/Startrack/master/Train_719.jpg,,,,
https://raw.githubusercontent.com/mohitrd/Startrack/master/Train_720.jpg,,,,
https://raw.githubusercontent.com/mohitrd/Startrack/master/Train_721.jpg,,,,
https://raw.githubusercontent.com/mohitrd/Startrack/master/Train_722.jpg,,,,
https://raw.githubusercontent.com/mohitrd/Startrack/master/Train_723.jpg,,,,
https://raw.githubusercontent.com/mohitrd/Startrack/master/Train_724.jpg,,,,
https://raw.githubusercontent.com/mohitrd/Startrack/master/Train_725.jpg,,,,
https://raw.githubusercontent.com/mohitrd/Startrack/master/Train_726.jpg,,,,
https://raw.githubusercontent.com/mohitrd/Startrack/master/Train_727.jpg,,,,
https://raw.githubusercontent.com/mohitrd/Startrack/master/Train_728.jpg,,,,
https://raw.githubusercontent.com/mohitrd/Startrack/master/Train_729.jpg,,,,
https://raw.githubusercontent.com/mohitrd/Startrack/master/Train_730.jpg,,,,
https://raw.githubusercontent.com/mohitrd/Startrack/master/Train_731.jpg,,,,
https://raw.githubusercontent.com/mohitrd/Startrack/master/Train_732.jpg,,,,
https://raw.githubusercontent.com/mohitrd/Startrack/master/Train_733.jpg,,,,
https://raw.githubusercontent.com/mohitrd/Startrack/master/Train_734.jpg,,,,
https://raw.githubusercontent.com/mohitrd/Startrack/master/Train_735.jpg,,,,
https://raw.githubusercontent.com/mohitrd/Startrack/master/Train_736.jpg,,,,
https://raw.githubusercontent.com/mohitrd/Startrack/master/Train_737.jpg,,,,
https://raw.githubusercontent.com/mohitrd/Startrack/master/Train_738.jpg,,,,
https://raw.githubusercontent.com/mohitrd/Startrack/master/Train_739.jpg,,,,
https://raw.githubusercontent.com/mohitrd/Startrack/master/Train_740.jpg,,,,
https://raw.githubusercontent.com/mohitrd/Startrack/master/Train_741.jpg,,,,
https://raw.githubusercontent.com/mohitrd/Startrack/master/Train_742.jpg,,,,
https://raw.githubusercontent.com/mohitrd/Startrack/master/Train_743.jpg,,,,
https://raw.githubusercontent.com/mohitrd/Startrack/master/Train_744.jpg,,,,
https://raw.githubusercontent.com/mohitrd/Startrack/master/Train_745.jpg,,,,
https://raw.githubusercontent.com/mohitrd/Startrack/master/Train_746.jpg,,,,
https://raw.githubusercontent.com/mohitrd/Startrack/master/Train_747.jpg,,,,
https://raw.githubusercontent.com/mohitrd/Startrack/master/Train_748.jpg,,,,
https://raw.githubusercontent.com/mohitrd/Startrack/master/Train_749.jpg,,,,
https://raw.githubusercontent.com/mohitrd/Startrack/master/Train_750.jpg,,,,
https://raw.githubusercontent.com/mohitrd/Startrack/master/Train_751.jpg,,,,
https://raw.githubusercontent.com/mohitrd/Startrack/master/Train_752.jpg,,,,
https://raw.githubusercontent.com/mohitrd/Startrack/master/Train_753.jpg,,,,
https://raw.githubusercontent.com/mohitrd/Startrack/master/Train_754.jpg,,,,
https://raw.githubusercontent.com/mohitrd/Startrack/master/Train_755.jpg,,,,
https://raw.githubusercontent.com/mohitrd/Startrack/master/Train_756.jpg,,,,
https://raw.githubusercontent.com/mohitrd/Startrack/master/Train_757.jpg,,,,
https://raw.githubusercontent.com/mohitrd/Startrack/master/Train_758.jpg,,,,
https://raw.githubusercontent.com/mohitrd/Startrack/master/Train_759.jpg,,,,
https://raw.githubusercontent.com/mohitrd/Startrack/master/Train_760.jpg,,,,
https://raw.githubusercontent.com/mohitrd/Startrack/master/Train_761.jpg,,,,
https://raw.githubusercontent.com/mohitrd/Startrack/master/Train_762.jpg,,,,
https://raw.githubusercontent.com/mohitrd/Startrack/master/Train_763.jpg,,,,
https://raw.githubusercontent.com/mohitrd/Startrack/master/Train_764.jpg,,,,
https://raw.githubusercontent.com/mohitrd/Startrack/master/Train_765.jpg,,,,
https://raw.githubusercontent.com/mohitrd/Startrack/master/Train_766.jpg,,,,
https://raw.githubusercontent.com/mohitrd/Startrack/master/Train_767.jpg,,,,
https://raw.githubusercontent.com/mohitrd/Startrack/master/Train_768.jpg,,,,
https://raw.githubusercontent.com/mohitrd/Startrack/master/Train_769.jpg,,,,
https://raw.githubusercontent.com/mohitrd/Startrack/master/Train_770.jpg,,,,
https://raw.githubusercontent.com/mohitrd/Startrack/master/Train_771.jpg,,,,
https://raw.githubusercontent.com/mohitrd/Startrack/master/Train_772.jpg,,,,
https://raw.githubusercontent.com/mohitrd/Startrack/master/Train_773.jpg,,,,
https://raw.githubusercontent.com/mohitrd/Startrack/master/Train_774.jpg,,,,
https://raw.githubusercontent.com/mohitrd/Startrack/master/Train_775.jpg,,,,
https://raw.githubusercontent.com/mohitrd/Startrack/master/Train_776.jpg,,,,
https://raw.githubusercontent.com/mohitrd/Startrack/master/Train_777.jpg,,,,
https://raw.githubusercontent.com/mohitrd/Startrack/master/Train_778.jpg,,,,
https://raw.githubusercontent.com/mohitrd/Startrack/master/Train_779.jpg,,,,
https://raw.githubusercontent.com/mohitrd/Startrack/master/Train_780.jpg,,,,
https://raw.githubusercontent.com/mohitrd/Startrack/master/Train_781.jpg,,,,
https://raw.githubusercontent.com/mohitrd/Startrack/master/Train_782.jpg,,,,
https://raw.githubusercontent.com/mohitrd/Startrack/master/Train_783.jpg,,,,
https://raw.githubusercontent.com/mohitrd/Startrack/master/Train_784.jpg,,,,
https://raw.githubusercontent.com/mohitrd/Startrack/master/Train_785.jpg,,,,
https://raw.githubusercontent.com/mohitrd/Startrack/master/Train_786.jpg,,,,
https://raw.githubusercontent.com/mohitrd/Startrack/master/Train_787.jpg,,,,
https://raw.githubusercontent.com/mohitrd/Startrack/master/Train_788.jpg,,,,
https://raw.githubusercontent.com/mohitrd/Startrack/master/Train_789.jpg,,,,
https://raw.githubusercontent.com/mohitrd/Startrack/master/Train_790.jpg,,,,
https://raw.githubusercontent.com/mohitrd/Startrack/master/Train_791.jpg,,,,
https://raw.githubusercontent.com/mohitrd/Startrack/master/Train_792.jpg,,,,
https://raw.githubusercontent.com/mohitrd/Startrack/master/Train_793.jpg,,,,
https://raw.githubusercontent.com/mohitrd/Startrack/master/Train_794.jpg,,,,
https://raw.githubusercontent.com/mohitrd/Startrack/master/Train_795.jpg,,,,
https://raw.githubusercontent.com/mohitrd/Startrack/master/Train_796.jpg,,,,
https://raw.githubusercontent.com/mohitrd/Startrack/master/Train_797.jpg,,,,
https://raw.githubusercontent.com/mohitrd/Startrack/master/Train_798.jpg,,,,
https://raw.githubusercontent.com/mohitrd/Startrack/master/Train_799.jpg,,,,
https://raw.githubusercontent.com/mohitrd/Startrack/master/Train_800.jpg,,,,
https://raw.githubusercontent.com/mohitrd/Startrack/master/Train_801.jpg,,,,
https://raw.githubusercontent.com/mohitrd/Startrack/master/Train_802.jpg,,,,
https://raw.githubusercontent.com/mohitrd/Startrack/master/Train_803.jpg,,,,
https://raw.githubusercontent.com/mohitrd/Startrack/master/Train_804.jpg,,,,
https://raw.githubusercontent.com/mohitrd/Startrack/master/Train_805.jpg,,,,
https://raw.githubusercontent.com/mohitrd/Startrack/master/Train_806.jpg,,,,
https://raw.githubusercontent.com/mohitrd/Startrack/master/Train_807.jpg,1,0,0,0
https://raw.githubusercontent.com/mohitrd/Startrack/master/Train_808.jpg,0,0,0,1
https://raw.githubusercontent.com/mohitrd/Startrack/master/Train_809.jpg,1,0,0,0
https://raw.githubusercontent.com/mohitrd/Startrack/master/Train_810.jpg,0,0,0,1
https://raw.githubusercontent.com/mohitrd/Startrack/master/Train_811.jpg,1,0,0,0
https://raw.githubusercontent.com/mohitrd/Startrack/master/Train_812.jpg,1,0,0,0
https://raw.githubusercontent.com/mohitrd/Startrack/master/Train_813.jpg,0,0,0,1
https://raw.githubusercontent.com/mohitrd/Startrack/master/Train_814.jpg,0,0,1,0
https://raw.githubusercontent.com/mohitrd/Startrack/master/Train_815.jpg,1,0,0,0
https://raw.githubusercontent.com/mohitrd/Startrack/master/Train_816.jpg,0,0,1,0
https://raw.githubusercontent.com/mohitrd/Startrack/master/Train_817.jpg,1,0,0,0
https://raw.githubusercontent.com/mohitrd/Startrack/master/Train_818.jpg,0,0,0,1
https://raw.githubusercontent.com/mohitrd/Startrack/master/Train_819.jpg,0,0,0,1
https://raw.githubusercontent.com/mohitrd/Startrack/master/Train_820.jpg,0,0,0,1
https://raw.githubusercontent.com/mohitrd/Startrack/master/Train_821.jpg,0,0,1,0
https://raw.githubusercontent.com/mohitrd/Startrack/master/Train_822.jpg,0,0,1,0
https://raw.githubusercontent.com/mohitrd/Startrack/master/Train_823.jpg,0,0,0,1
https://raw.githubusercontent.com/mohitrd/Startrack/master/Train_824.jpg,0,0,0,1
https://raw.githubusercontent.com/mohitrd/Startrack/master/Train_825.jpg,0,0,1,0
https://raw.githubusercontent.com/mohitrd/Startrack/master/Train_826.jpg,1,0,0,0
https://raw.githubusercontent.com/mohitrd/Startrack/master/Train_827.jpg,0,0,1,0
https://raw.githubusercontent.com/mohitrd/Startrack/master/Train_828.jpg,0,0,1,0
https://raw.githubusercontent.com/mohitrd/Startrack/master/Train_829.jpg,0,0,1,0
https://raw.githubusercontent.com/mohitrd/Startrack/master/Train_830.jpg,0,0,1,0
https://raw.githubusercontent.com/mohitrd/Startrack/master/Train_831.jpg,0,0,0,1
https://raw.githubusercontent.com/mohitrd/Startrack/master/Train_832.jpg,0,0,1,0
https://raw.githubusercontent.com/mohitrd/Startrack/master/Train_833.jpg,1,0,0,0
https://raw.githubusercontent.com/mohitrd/Startrack/master/Train_834.jpg,1,0,0,0
https://raw.githubusercontent.com/mohitrd/Startrack/master/Train_835.jpg,1,0,0,0
https://raw.githubusercontent.com/mohitrd/Startrack/master/Train_836.jpg,0,0,1,0
https://raw.githubusercontent.com/mohitrd/Startrack/master/Train_837.jpg,0,0,1,0